use shipping_data_DCC;

INSERT INTO port
VALUES
('Mid-America', 'Chicago', 'USA');
INSERT INTO port
VALUES
('Kalama', 'Longview', 'USA');
INSERT INTO port
VALUES
('Two Harbors', 'Burlington', 'USA');
INSERT INTO port
VALUES
('New Bourbon PA', 'Perryville', 'USA');
INSERT INTO port
VALUES
('South Jersey PA', 'Camden', 'USA');

INSERT INTO ship
VALUES
('The Badminton', 13600000, 'Meyers', 32, 1974, 'Kalama');
INSERT INTO ship
VALUES
('Brevdrageren', 19200000, 'Johnson', 23, 1906, 'South Jersey PA');
INSERT INTO ship
VALUES
('Penn', 21300000, 'Patel', 34, 1955, 'New Bourbon PA');
INSERT INTO ship
VALUES
('Contest', 11600000, 'Smith', 17, 1999, 'New Bourbon PA');
INSERT INTO ship
VALUES
('The Harpham', 23500000, 'Turner', 15, 1977, 'Kalama');
INSERT INTO ship
VALUES
('Misoa', 17900000, 'Brown', 22, 2001, 'Two Harbors');
INSERT INTO ship
VALUES
('Posthorse', 14500000, 'von Cloud', 23, 1965, 'Mid-America');
INSERT INTO ship
VALUES
('Icicle', 29500000, 'Vandercamp', 12, 1992, 'Two Harbors');
INSERT INTO ship
VALUES
('Giles', 17100000, 'Waterford', 19, 1952, 'South Jersey PA');
INSERT INTO ship
VALUES
('The Locust', 16900000, 'Jules', 25, 1973, 'Kalama');

INSERT INTO container
VALUES
(456721, 102, 96, 20, 5050, 'The Locust');
INSERT INTO container
VALUES
(346711, 114, 96, 40, 8000, 'Misoa');
INSERT INTO container
VALUES
(6937275, 106, 96, 10, 2850, 'Posthorse');
INSERT INTO container
VALUES
(6484635, 114, 96, 20, 5181, 'Icicle');
INSERT INTO container
VALUES
(452055, 112, 96, 40, 5000, 'Misoa');
INSERT INTO container
VALUES
(456546, 100, 96, 20, 5220, 'The Harpham');
INSERT INTO container
VALUES
(476874, 102, 96, 40, 7600, 'Posthorse');
INSERT INTO container
VALUES
(984541, 114, 96, 10, 6000, 'Penn');
INSERT INTO container
VALUES
(649842, 110, 96, 30, 7000, 'Brevdrageren');
INSERT INTO container
VALUES
(316546, 96, 96, 10, 5220, 'Giles');
INSERT INTO container
VALUES
(54865745, 100, 96, 20, 6000, 'Contest');
INSERT INTO container
VALUES
(7612310, 102, 96, 20, 5050, 'The Locust');
INSERT INTO container
VALUES
(5123345, 100, 96, 20, 5220, 'The Harpham');
INSERT INTO container
VALUES
(786543, 102, 96, 40, 7600, 'Posthorse');
INSERT INTO container
VALUES
(784541, 108, 96, 30, 4200, 'Misoa');
INSERT INTO container
VALUES
(821214, 106, 96, 10, 6100, 'Contest');
INSERT INTO container
VALUES
(8525421, 110, 96, 10, 4300, 'Giles');
INSERT INTO container
VALUES
(354596, 114, 96, 10, 5400, 'Penn');
INSERT INTO container
VALUES
(86413251, 104, 96, 30, 6500, 'Brevdrageren');
INSERT INTO container
VALUES
(3575732, 108, 96,20, 7000, 'Misoa');